{
    "error_code": 0,
    "reason": "SUCCESSED!",
    "result": {
        "totalCount": "1390",
        "page": "1",
        "num": "20",
        "data": [
            {
                "symbol": "sh600000",
                "name": "浦发银行",
                "trade": "12.500",
                "pricechange": "0.020",
                "changepercent": "0.160",
                "buy": "12.500",
                "sell": "12.510",
                "settlement": "12.480",
                "open": "12.530",
                "high": "12.540",
                "low": "12.460",
                "volume": 251618,
                "amount": 314544074,
                "code": "600000",
                "ticktime": "15:00:00"
            },
            {
                "symbol": "sh600004",
                "name": "白云机场",
                "trade": "16.500",
                "pricechange": "0.200",
                "changepercent": "1.227",
                "buy": "16.500",
                "sell": "16.510",
                "settlement": "16.300",
                "open": "16.290",
                "high": "16.570",
                "low": "16.260",
                "volume": 108184,
                "amount": 178065821,
                "code": "600004",
                "ticktime": "15:00:00"
            },
            {
                "symbol": "sh600006",
                "name": "东风汽车",
                "trade": "5.240",
                "pricechange": "0.050",
                "changepercent": "0.963",
                "buy": "5.240",
                "sell": "5.250",
                "settlement": "5.190",
                "open": "5.210",
                "high": "5.260",
                "low": "5.190",
                "volume": 86783,
                "amount": 45320134,
                "code": "600006",
                "ticktime": "15:00:00"
            },
            {
                "symbol": "sh600007",
                "name": "中国国贸",
                "trade": "15.340",
                "pricechange": "0.200",
                "changepercent": "1.321",
                "buy": "15.330",
                "sell": "15.340",
                "settlement": "15.140",
                "open": "15.190",
                "high": "15.390",
                "low": "15.160",
                "volume": 10421,
                "amount": 15942564,
                "code": "600007",
                "ticktime": "15:00:00"
            },
            {
                "symbol": "sh600008",
                "name": "首创股份",
                "trade": "5.250",
                "pricechange": "0.010",
                "changepercent": "0.191",
                "buy": "5.250",
                "sell": "5.260",
                "settlement": "5.240",
                "open": "5.200",
                "high": "5.280",
                "low": "5.140",
                "volume": 630092,
                "amount": 326820741,
                "code": "600008",
                "ticktime": "15:00:00"
            },
            {
                "symbol": "sh600009",
                "name": "上海机场",
                "trade": "50.090",
                "pricechange": "-0.740",
                "changepercent": "-1.456",
                "buy": "50.100",
                "sell": "50.110",
                "settlement": "50.830",
                "open": "51.000",
                "high": "51.980",
                "low": "49.900",
                "volume": 64016,
                "amount": 326289405,
                "code": "600009",
                "ticktime": "15:00:00"
            },
            {
                "symbol": "sh600010",
                "name": "包钢股份",
                "trade": "2.340",
                "pricechange": "0.010",
                "changepercent": "0.429",
                "buy": "2.330",
                "sell": "2.340",
                "settlement": "2.330",
                "open": "2.320",
                "high": "2.340",
                "low": "2.310",
                "volume": 761845,
                "amount": 177106655,
                "code": "600010",
                "ticktime": "15:00:00"
            },
            {
                "symbol": "sh600011",
                "name": "华能国际",
                "trade": "6.990",
                "pricechange": "-0.010",
                "changepercent": "-0.143",
                "buy": "6.980",
                "sell": "6.990",
                "settlement": "7.000",
                "open": "6.970",
                "high": "7.100",
                "low": "6.890",
                "volume": 177136,
                "amount": 123586580,
                "code": "600011",
                "ticktime": "15:00:00"
            },
            {
                "symbol": "sh600012",
                "name": "皖通高速",
                "trade": "10.770",
                "pricechange": "-0.020",
                "changepercent": "-0.185",
                "buy": "10.770",
                "sell": "10.780",
                "settlement": "10.790",
                "open": "10.740",
                "high": "10.840",
                "low": "10.740",
                "volume": 31332,
                "amount": 33775375,
                "code": "600012",
                "ticktime": "15:00:00"
            },
            {
                "symbol": "sh600015",
                "name": "华夏银行",
                "trade": "9.360",
                "pricechange": "0.010",
                "changepercent": "0.107",
                "buy": "9.350",
                "sell": "9.360",
                "settlement": "9.350",
                "open": "9.350",
                "high": "9.380",
                "low": "9.320",
                "volume": 189367,
                "amount": 177123626,
                "code": "600015",
                "ticktime": "15:00:00"
            },
            {
                "symbol": "sh600016",
                "name": "民生银行",
                "trade": "8.500",
                "pricechange": "-0.010",
                "changepercent": "-0.118",
                "buy": "8.490",
                "sell": "8.500",
                "settlement": "8.510",
                "open": "8.540",
                "high": "8.550",
                "low": "8.480",
                "volume": 635827,
                "amount": 540762098,
                "code": "600016",
                "ticktime": "15:00:00"
            },
            {
                "symbol": "sh600017",
                "name": "日照港",
                "trade": "3.830",
                "pricechange": "-0.020",
                "changepercent": "-0.519",
                "buy": "3.830",
                "sell": "3.840",
                "settlement": "3.850",
                "open": "3.820",
                "high": "3.850",
                "low": "3.810",
                "volume": 178855,
                "amount": 68454825,
                "code": "600017",
                "ticktime": "15:00:00"
            },
            {
                "symbol": "sh600018",
                "name": "上港集团",
                "trade": "7.460",
                "pricechange": "-0.060",
                "changepercent": "-0.798",
                "buy": "7.460",
                "sell": "7.480",
                "settlement": "7.520",
                "open": "7.510",
                "high": "7.530",
                "low": "7.440",
                "volume": 530420,
                "amount": 397256094,
                "code": "600018",
                "ticktime": "15:00:00"
            },
            {
                "symbol": "sh600019",
                "name": "宝钢股份",
                "trade": "9.210",
                "pricechange": "0.110",
                "changepercent": "1.209",
                "buy": "9.210",
                "sell": "9.220",
                "settlement": "9.100",
                "open": "9.110",
                "high": "9.280",
                "low": "9.010",
                "volume": 1413940,
                "amount": 1293388665,
                "code": "600019",
                "ticktime": "15:00:00"
            },
            {
                "symbol": "sh600020",
                "name": "中原高速",
                "trade": "4.860",
                "pricechange": "0.000",
                "changepercent": "0.000",
                "buy": "4.860",
                "sell": "4.870",
                "settlement": "4.860",
                "open": "4.870",
                "high": "4.880",
                "low": "4.850",
                "volume": 101153,
                "amount": 49182942,
                "code": "600020",
                "ticktime": "15:00:00"
            },
            {
                "symbol": "sh600021",
                "name": "上海电力",
                "trade": "8.410",
                "pricechange": "0.030",
                "changepercent": "0.358",
                "buy": "8.400",
                "sell": "8.410",
                "settlement": "8.380",
                "open": "8.420",
                "high": "8.450",
                "low": "8.370",
                "volume": 38777,
                "amount": 32560102,
                "code": "600021",
                "ticktime": "15:00:00"
            },
            {
                "symbol": "sh600022",
                "name": "山东钢铁",
                "trade": "2.170",
                "pricechange": "-0.010",
                "changepercent": "-0.459",
                "buy": "2.170",
                "sell": "2.180",
                "settlement": "2.180",
                "open": "2.180",
                "high": "2.190",
                "low": "2.160",
                "volume": 755460,
                "amount": 164243625,
                "code": "600022",
                "ticktime": "15:00:00"
            },
            {
                "symbol": "sh600023",
                "name": "浙能电力",
                "trade": "5.750",
                "pricechange": "0.020",
                "changepercent": "0.349",
                "buy": "5.740",
                "sell": "5.750",
                "settlement": "5.730",
                "open": "5.720",
                "high": "5.770",
                "low": "5.690",
                "volume": 198109,
                "amount": 113555618,
                "code": "600023",
                "ticktime": "15:00:00"
            },
            {
                "symbol": "sh600025",
                "name": "华能水电",
                "trade": "4.280",
                "pricechange": "0.000",
                "changepercent": "0.000",
                "buy": "4.280",
                "sell": "4.290",
                "settlement": "4.280",
                "open": "4.290",
                "high": "4.320",
                "low": "4.260",
                "volume": 837927,
                "amount": 358619585,
                "code": "600025",
                "ticktime": "15:00:00"
            },
            {
                "symbol": "sh600026",
                "name": "中远海能",
                "trade": "5.780",
                "pricechange": "0.010",
                "changepercent": "0.173",
                "buy": "5.770",
                "sell": "5.780",
                "settlement": "5.770",
                "open": "5.780",
                "high": "5.800",
                "low": "5.730",
                "volume": 90525,
                "amount": 52117214,
                "code": "600026",
                "ticktime": "15:00:00"
            }
        ]
    }
}